Date/Time,Word Count,en,zh-Hans
2024.09.14-15.17.44,186,0,186
2024.09.14-15.23.20,192,0,192
2024.09.14-15.47.39,191,191,191
2024.09.14-15.48.37,189,189,189
2024.09.14-16.03.26,189,185,189
2024.09.14-16.04.08,189,189,189
2024.09.14-16.11.11,189,185,189
2024.09.14-16.11.41,189,189,189
2024.09.14-16.20.19,195,189,195
2024.09.14-16.21.15,195,195,195
2024.09.14-16.30.51,189,189,189
2024.09.14-18.51.34,187,187,187
2024.09.25-17.00.24,198,185,198
2024.09.25-17.01.53,197,193,197
2024.09.25-17.03.58,194,193,194
2024.09.25-17.05.00,193,193,193
